scraped_at,task_id,title,category,brief,proof_required,reward_xrp,reward_xora,reward_label,status,task_status,max_claims,claimed_count,spots_left,submitted_count,approved_count,paid_count,difficulty,quality_bar,min_proof_chars,proof_link_required,x_post_required,min_account_age_hours,own_proof_link,own_proof_text,snapshot_at,change_type,changed_fields,reward_xrp_change,reward_xora_change,max_claims_change,claimed_count_change,spots_left_change,submitted_count_change,approved_count_change,paid_count_change,submitted_count_previous,paid_count_previous,status_previous,claimed_count_previous,spots_left_previous
2026-08-13T02:00:32.553651+00:00,bn_e8e44f38472c,Original post built on the BTC yield announcement,growth,"Publish your own post or thread that links this announcement and explains why BTC settling on the XRP Ledger with a yield matters. Your framing, your audience, your words. Include paid disclosure and the variable-rate caveat.

Target post:
https://x.com/xora_finance/status/2082865271266590990","The URL of your post. Must link or quote the announcement and come from your connected X account. Reviewed by the team, then paid to your XORA account.",0.5,120,0.5 XRP + 120 XORA,claimed,open,200,200,0,82,2,74,Quick,Public post from your connected X account,0,True,True,24,,,2026-08-13T02:00:32.578845+00:00,new_task,NEW_TASK,0.5,120.0,200.0,200.0,0.0,82.0,2.0,74.0,,,,,
2026-08-13T02:00:32.553651+00:00,bn_860724c463ad,Reply under the BTC yield announcement,growth,"Reply under this announcement with something a Bitcoin holder would actually want to know: how the yield works, what settles on the XRP Ledger, or an honest question you get asked. One line of hype does not count.

Target post:
https://x.com/xora_finance/status/2082865271266590990","The URL of your reply. Must come from the X account connected to your workspace. Reviewed by the team, then paid to your XORA account.",0.1,35,0.1 XRP + 35 XORA,paid,open,400,300,100,95,7,133,Quick,Public post from your connected X account,0,True,True,24,https://x.com/Joymiide/status/2083420694470184972?s=20,"Bitcoin has always been exceptional at one thing: preserving value. But as the crypto ecosystem has evolved, a bigger question has emerged: how can the world's largest digital asset become more useful without compromising what makes it valuable?",2026-08-13T02:00:32.578845+00:00,new_task,NEW_TASK,0.1,35.0,400.0,300.0,100.0,95.0,7.0,133.0,,,,,
2026-08-13T02:00:32.553651+00:00,bn_259fc827e418,Quote the BTC yield announcement,growth,"Quote tweet this announcement with your own take, in your own words:

https://x.com/xora_finance/status/2082865271266590990

Say up to 14% APR on native BTC, note that rates are variable and not guaranteed, and disclose that you work with XORA. Copy-paste of our wording does not count.","The URL of your quote tweet. It must be posted from the X account connected to your workspace. Reviewed by the team, then paid to your XORA account.",0.25,60,0.25 XRP + 60 XORA,paid,open,400,300,100,66,4,150,Quick,Public post from your connected X account,0,True,True,24,https://x.com/Joymiide/status/2083411560064553064?s=20,Bringing native Bitcoin yield to fast XRP Ledger settlement is a strong step toward making crypto more productive and accessible.,2026-08-13T02:00:32.578845+00:00,new_task,NEW_TASK,0.25,60.0,400.0,300.0,100.0,66.0,4.0,150.0,,,,,
2026-08-13T02:00:32.553651+00:00,bn_7d1162cd7be4,BTC yield TikTok with more than 1M views,video,"Publish a real TikTok explaining XORA BTC yield and pass 1,000,000 views. Engagement must be organic, the video must remain public, every yield claim must be accurate and framed as variable and not guaranteed, and required disclosure must be included.",TikTok URL plus at least 300 characters with view count and hosted screenshot proof. Human review is required with no exceptions.,8.0,1875,"8 XRP + 1,875 XORA",claimed,open,3,3,0,1,0,0,Standard,Detailed proof required,120,True,False,48,,,2026-08-13T02:00:32.578845+00:00,new_task,NEW_TASK,8.0,1875.0,3.0,3.0,0.0,1.0,0.0,0.0,,,,,
2026-08-13T02:00:32.553651+00:00,bn_36b4d3751811,BTC yield TikTok with 100k to 1M views,video,"Publish a real TikTok explaining XORA BTC yield and reach 100,000 to 999,999 views. Engagement must be organic, the video must remain public, every yield claim must be accurate and framed as variable and not guaranteed, and required disclosure must be included.",TikTok URL plus at least 300 characters with view count and hosted screenshot proof. Human review is required.,4.0,875,4 XRP + 875 XORA,claimed,open,6,6,0,1,0,0,Standard,Detailed proof required,120,True,False,48,,,2026-08-13T02:00:32.578845+00:00,new_task,NEW_TASK,4.0,875.0,6.0,6.0,0.0,1.0,0.0,0.0,,,,,
2026-08-13T02:00:32.553651+00:00,bn_96ce28ebb3b8,BTC yield TikTok with 10k to 100k views,video,"Publish a real TikTok explaining XORA BTC yield and reach 10,000 to 99,999 views. Engagement must be authentic, the video must remain public, every yield claim must be accurate and framed as variable and not guaranteed, and required disclosure must be included.",TikTok URL plus at least 200 characters with view count and hosted screenshot proof. Human review is required.,1.0,190,1 XRP + 190 XORA,open,open,15,1,14,1,0,0,Standard,Detailed proof required,120,True,False,48,,,2026-08-13T02:00:32.578845+00:00,new_task,NEW_TASK,1.0,190.0,15.0,1.0,14.0,1.0,0.0,0.0,,,,,
2026-08-13T02:00:32.553651+00:00,bn_46d6760c54b8,BTC yield TikTok with 1k to 10k views,video,"Publish a real TikTok explaining XORA BTC yield and reach 1,000 to 9,999 views. Keep it public for seven days, use accurate language about the variable ~14% APY value (not guaranteed), and include required disclosure.",TikTok URL plus view count notes and hosted screenshot proof. Human review is required.,1.0,40,1 XRP + 40 XORA,open,open,40,1,39,0,0,1,Standard,Detailed proof required,120,True,False,48,,,2026-08-13T02:00:32.578845+00:00,new_task,NEW_TASK,1.0,40.0,40.0,1.0,39.0,0.0,0.0,1.0,,,,,
2026-08-13T02:00:32.553651+00:00,bn_0b54dd84459a,BTC yield multi-channel campaign,campaign,"Run a coordinated multi-channel push (for example X plus TikTok plus YouTube or a newsletter) explaining XORA BTC yield accurately, with the variable ~14% APY value and native plus estimated XORA-value split framed as not guaranteed. Every asset needs paid disclosure and accurate claims.","All published URLs plus at least 300 characters describing channels, reach, and how accuracy and disclosure were maintained. Human review is required.",4.0,650,4 XRP + 650 XORA,claimed,open,2,2,0,1,0,1,Standard,Detailed proof required,120,True,False,48,,,2026-08-13T02:00:32.578845+00:00,new_task,NEW_TASK,4.0,650.0,2.0,2.0,0.0,1.0,0.0,1.0,,,,,
2026-08-13T02:00:32.553651+00:00,bn_9ac9373c473a,BTC yield live audio session,space,"Host or co-host a booked X Space or live audio session covering XORA BTC yield honestly: how the variable ~14% APY value is composed (8% native plus estimated 6% XORA value), the risks, and that rates are not guaranteed. Disclose the paid partnership on air.","Recording or space URL, scheduled time, and at least 250 characters describing the session and audience. Human review is required.",3.0,425,3 XRP + 425 XORA,claimed,open,2,2,0,1,0,0,Standard,Detailed proof required,120,True,False,48,,,2026-08-13T02:00:32.578845+00:00,new_task,NEW_TASK,3.0,425.0,2.0,2.0,0.0,1.0,0.0,0.0,,,,,
2026-08-13T02:00:32.553651+00:00,bn_62e5ecbbb151,BTC yield Reddit answer pack,growth,"Answer real questions about XORA BTC yield across relevant subreddits with accurate, non-promotional explanations of the variable ~14% APY value and its native plus estimated XORA-value split. Follow each subreddit's rules, disclose that you are a paid contributor, and never promise returns.",At least five distinct public Reddit comment or post URLs plus 200 characters of notes. Human review checks accuracy and rule compliance.,1.0,125,1 XRP + 125 XORA,open,open,10,0,10,0,0,0,Standard,Detailed proof required,120,True,False,48,,,2026-08-13T02:00:32.578845+00:00,new_task,NEW_TASK,1.0,125.0,10.0,0.0,10.0,0.0,0.0,0.0,,,,,
2026-08-13T02:00:32.553651+00:00,bn_da109be3c182,BTC yield reply sprint,growth,"Run an authentic reply sprint on X answering questions about XORA BTC yield accurately: the variable ~14% APY value, the native plus estimated XORA-value split, and honest ""not guaranteed"" framing. No spam, no guaranteed-return wording, and include paid disclosure where relevant.",At least seven distinct public reply URLs plus 150 characters of notes. Human review checks authenticity and accuracy.,1.0,90,1 XRP + 90 XORA,open,open,20,4,16,3,0,1,Standard,Detailed proof required,120,True,False,48,,,2026-08-13T02:00:32.578845+00:00,new_task,NEW_TASK,1.0,90.0,20.0,4.0,16.0,3.0,0.0,1.0,,,,,
2026-08-13T02:00:32.553651+00:00,bn_da5c9d20277d,BTC yield long-form case study,article,"Write a long-form article or case study on earning XORA BTC yield from real usage. Explain the variable ~14% APY value and its 8% native plus estimated 6% XORA-value composition, the risks, and that returns are not guaranteed. Keep every claim accurate and include paid disclosure.","Published article URL plus at least 300 characters covering your claims, figures, and sources. Human review is required.",2.0,375,2 XRP + 375 XORA,claimed,open,3,3,0,2,0,0,Standard,Detailed proof required,120,True,False,48,,,2026-08-13T02:00:32.578845+00:00,new_task,NEW_TASK,2.0,375.0,3.0,3.0,0.0,2.0,0.0,0.0,,,,,
2026-08-13T02:00:32.553651+00:00,bn_10397e528885,BTC yield walkthrough video,video,"Record a 60 to 90 second walkthrough showing real XORA BTC yield accruing on a funded BTC balance. Hide personal balances, emails, and full wallet addresses. State clearly that the APY value is variable and not guaranteed and that XORA reward value is an estimate. Include paid disclosure.","Video URL, published post URL, and at least 300 characters explaining what was shown and where it was distributed. Human review is required.",2.0,400,2 XRP + 400 XORA,open,open,2,1,1,0,0,0,Standard,Detailed proof required,120,True,False,48,,,2026-08-13T02:00:32.578845+00:00,new_task,NEW_TASK,2.0,400.0,2.0,1.0,1.0,0.0,0.0,0.0,,,,,
2026-08-13T02:00:32.553651+00:00,bn_5deea718d893,BTC yield explainer carousel,design,"Create a polished carousel or short graphic set explaining XORA BTC yield: the variable ~14% APY value, the 8% native plus estimated 6% XORA-value split, and clear ""variable, not guaranteed"" framing. Every claim must be accurate and ready to publish, with required paid disclosure.",Published post URL plus source files or a media link and at least 250 characters explaining the claims and sources. Human review is required.,1.0,225,1 XRP + 225 XORA,claimed,open,3,3,0,2,0,1,Standard,Detailed proof required,120,True,False,48,,,2026-08-13T02:00:32.578845+00:00,new_task,NEW_TASK,1.0,225.0,3.0,3.0,0.0,2.0,0.0,1.0,,,,,
2026-08-13T02:00:32.553651+00:00,bn_264c557e5a10,BTC yield explainer thread,thread,"Publish a five post or longer X thread explaining how XORA BTC yield works. Cover the honest split — a variable ~14% APY value made of roughly 8% native BTC plus an estimated 6% XORA reward value — where the yield comes from, that XORA token value is an estimate separate from APY, and that rates are variable and not guaranteed. Include paid disclosure and never promise returns.",BTC yield thread URL plus at least 250 characters of notes covering the accuracy of your yield claims and the sources you used. Human review is required.,1.0,175,1 XRP + 175 XORA,claimed,open,5,5,0,2,0,2,Standard,Detailed proof required,120,True,False,48,,,2026-08-13T02:00:32.578845+00:00,new_task,NEW_TASK,1.0,175.0,5.0,5.0,0.0,2.0,0.0,2.0,,,,,
2026-08-13T02:00:32.553651+00:00,bn_d8b1ddb2552b,BTC launch TikTok with more than 1M views,video,"Publish a real TikTok about the XORA BTC launch and pass 1,000,000 views. Engagement must be organic, the video must remain public, and every product claim must be accurate.",BTC launch TikTok URL plus at least 300 characters with view count and hosted screenshot proof. Human review is required with no exceptions.,8.0,1875,"8 XRP + 1,875 XORA",claimed,open,3,3,0,3,0,0,Standard,Detailed proof required,120,True,False,48,,,2026-08-13T02:00:32.578845+00:00,new_task,NEW_TASK,8.0,1875.0,3.0,3.0,0.0,3.0,0.0,0.0,,,,,
2026-08-13T02:00:32.553651+00:00,bn_127da8f77816,BTC launch TikTok with 100k to 1M views,video,"Publish a real TikTok about the XORA BTC launch and reach 100,000 to 999,999 views. Engagement must be organic, the video must remain public, and every product claim must be accurate.",BTC launch TikTok URL plus at least 300 characters with view count and hosted screenshot proof. Human review is required.,4.0,875,4 XRP + 875 XORA,open,open,6,3,3,1,0,0,Standard,Detailed proof required,120,True,False,48,,,2026-08-13T02:00:32.578845+00:00,new_task,NEW_TASK,4.0,875.0,6.0,3.0,3.0,1.0,0.0,0.0,,,,,
2026-08-13T02:00:32.553651+00:00,bn_8790672a6c6e,BTC launch TikTok with 10k to 100k views,video,"Publish a real TikTok about the XORA BTC launch and reach 10,000 to 99,999 views. Engagement must be authentic, the video must remain public, and every product claim must be accurate.",BTC launch TikTok URL plus at least 200 characters with view count and hosted screenshot proof. Human review is required.,1.0,190,1 XRP + 190 XORA,open,open,15,1,14,1,0,0,Standard,Detailed proof required,120,True,False,48,,,2026-08-13T02:00:32.578845+00:00,new_task,NEW_TASK,1.0,190.0,15.0,1.0,14.0,1.0,0.0,0.0,,,,,
2026-08-13T02:00:32.553651+00:00,bn_93d25153921c,BTC launch TikTok with 1k to 10k views,video,"Publish a real TikTok about the XORA BTC launch and reach 1,000 to 9,999 views. The video must stay public for seven days, use accurate product language, and include required disclosure.",BTC launch TikTok URL plus view count notes and hosted screenshot proof. Human review is required.,1.0,40,1 XRP + 40 XORA,open,open,40,0,40,0,0,0,Standard,Detailed proof required,120,True,False,48,,,2026-08-13T02:00:32.578845+00:00,new_task,NEW_TASK,1.0,40.0,40.0,0.0,40.0,0.0,0.0,0.0,,,,,
2026-08-13T02:00:32.553651+00:00,bn_8f00423cfda0,BTC launch published case study,article,"Write and publish an original article of at least 1500 words on an established platform covering a real XORA BTC launch journey. Explain deposit flow, confirmations, custody, availability, and honest risk. No undisclosed sponsorship or guaranteed claims.",Published BTC launch article URL on an established account plus at least 400 characters covering distribution and engagement.,2.0,625,2 XRP + 625 XORA,claimed,open,2,2,0,0,0,0,Standard,Detailed proof required,120,True,False,48,,,2026-08-13T02:00:32.578845+00:00,new_task,NEW_TASK,2.0,625.0,2.0,2.0,0.0,0.0,0.0,0.0,,,,,
2026-08-13T02:00:32.553651+00:00,bn_0f876c548119,Verified BTC launch deposit chain,growth,"After BTC deposits are live, refer three separate real people who each create an account and make a real BTC deposit. No alternate accounts, self funding, or burner identities. Every person must have a distinct active public profile.","For each BTC launch depositor, provide a public profile, contributor identifier, and their own public confirmation. Human review checks BTC deposit records and identity separation.",2.0,750,2 XRP + 750 XORA,open,open,3,1,2,0,0,0,Standard,Detailed proof required,120,True,False,48,,,2026-08-13T02:00:32.578845+00:00,new_task,NEW_TASK,2.0,750.0,3.0,1.0,2.0,0.0,0.0,0.0,,,,,
2026-08-13T02:00:32.553651+00:00,bn_d147a9538564,BTC launch community distribution campaign,campaign,"Run a five day BTC launch distribution campaign across at least three channels such as X, Reddit, Telegram, Discord, a newsletter, a forum, or a community call. Document actions, links, results, and real responses.","BTC launch campaign document plus at least 800 characters with a daily log, links, metrics, lessons, and next recommendation.",2.0,560,2 XRP + 560 XORA,open,open,2,0,2,0,0,0,Partner,5-day campaign across 3+ channels with metrics,800,True,False,72,,,2026-08-13T02:00:32.578845+00:00,new_task,NEW_TASK,2.0,560.0,2.0,0.0,2.0,0.0,0.0,0.0,,,,,
2026-08-13T02:00:32.553651+00:00,bn_ba57643c0db4,BTC launch comparison thread pack,thread,"Publish two fair threads comparing the XORA BTC launch with Bitcoin exchanges, wallets, or crypto banking products. Cite public facts, explain custody differences, include risk caveats, and avoid unsupported claims.","Two BTC launch thread URLs plus at least 500 characters listing competitors, sources, and checked claims.",1.0,275,1 XRP + 275 XORA,claimed,open,3,3,0,2,0,1,Hard,2 fair comparison threads with checked claims,500,True,False,48,,,2026-08-13T02:00:32.578845+00:00,new_task,NEW_TASK,1.0,275.0,3.0,3.0,0.0,2.0,0.0,1.0,,,,,
2026-08-13T02:00:32.553651+00:00,bn_30cece01be7a,Book a BTC launch Space or live session,space,"Book a credible X Space, livestream, or community call focused on the XORA BTC launch for a Bitcoin, fintech, or crypto banking audience. Confirm the host, date window, topic, and expected audience.","BTC launch session confirmation plus at least 500 characters with host handle, format, audience fit, date window, and topic outline.",2.0,500,2 XRP + 500 XORA,open,open,2,0,2,0,0,0,Partner,Confirmed credible Space or live session,500,True,False,72,,,2026-08-13T02:00:32.578845+00:00,new_task,NEW_TASK,2.0,500.0,2.0,0.0,2.0,0.0,0.0,0.0,,,,,
2026-08-13T02:00:32.553651+00:00,bn_2e7dd3253929,BTC launch creator outreach sprint,partnership,Run thoughtful outreach to 12 qualified Bitcoin or fintech creators about the XORA BTC launch. At least three must reply or show clear interest. Do not spam or promise payouts outside the published bounty flow.,"Redacted BTC launch outreach proof, 12 target handles, three reply signals, and at least 600 characters on message quality and next actions.",1.0,400,1 XRP + 400 XORA,open,open,2,0,2,0,0,0,Partner,12 qualified outreach targets with 3+ interest signals,600,True,False,72,,,2026-08-13T02:00:32.578845+00:00,new_task,NEW_TASK,1.0,400.0,2.0,0.0,2.0,0.0,0.0,0.0,,,,,
2026-08-13T02:00:32.553651+00:00,bn_a073fc6110c2,BTC launch creator prospect map,partnership,"Build a qualified map of 25 Bitcoin, fintech, crypto banking, or custody creators who could credibly cover the XORA BTC launch. Include audience signals, fit, suggested angle, and risk notes. No scraped junk lists.",Public BTC launch prospect sheet plus at least 600 characters explaining your sourcing method and top five priorities.,1.0,310,1 XRP + 310 XORA,open,open,3,1,2,1,0,0,Hard,25 qualified creator prospects with fit and risk notes,600,True,False,72,,,2026-08-13T02:00:32.578845+00:00,new_task,NEW_TASK,1.0,310.0,3.0,1.0,2.0,1.0,0.0,0.0,,,,,
2026-08-13T02:00:32.553651+00:00,bn_70630b48cddf,Day 7 BTC launch follow up story,video,"After seven days of real BTC launch usage, share an honest public story about what felt clear, confusing, useful, or risky. Use your own XORA account, include paid disclosure, and do not submit generic or copied content.","BTC launch X post URL plus at least 500 characters covering your real usage timeline, first BTC deposit, and what changed after one week.",1.0,275,1 XRP + 275 XORA,claimed,open,2,2,0,2,0,0,Hard,"7+ days real usage, honest public story",500,True,True,168,,,2026-08-13T02:00:32.578845+00:00,new_task,NEW_TASK,1.0,275.0,2.0,2.0,0.0,2.0,0.0,0.0,,,,,
2026-08-13T02:00:32.553651+00:00,bn_0095907846ce,BTC launch update reaction pack,growth,"Turn one public XORA BTC launch update into three useful posts for Bitcoin holders. Include the date and source in every post, explain why it matters, and avoid unsupported or guaranteed claims.",Three BTC launch post URLs plus at least 250 characters with the source and angle used in each.,1.0,125,1 XRP + 125 XORA,claimed,open,4,4,0,3,0,0,Standard,3 posts grounded in a public XORA stat,250,True,False,48,,,2026-08-13T02:00:32.578845+00:00,new_task,NEW_TASK,1.0,125.0,4.0,4.0,0.0,3.0,0.0,0.0,,,,,
2026-08-13T02:00:32.553651+00:00,bn_0e34dd70f935,BTC launch trust teardown,research,"Compare the XORA BTC launch deposit experience with three Bitcoin or fintech competitors. Identify 10 specific trust, copy, safety, or conversion gaps with exact page locations and proposed fixes. Generic feedback is rejected.",Public BTC launch teardown link plus at least 600 characters of structured notes with competitor references and exact fixes.,1.0,60,1 XRP + 60 XORA,claimed,open,1,1,0,1,0,0,Hard,"Competitor-backed trust teardown, not generic feedback",600,True,False,1,,,2026-08-13T02:00:32.578845+00:00,new_task,NEW_TASK,1.0,60.0,1.0,1.0,0.0,1.0,0.0,0.0,,,,,
2026-08-13T02:00:32.553651+00:00,bn_ad021664592f,BTC launch Reddit answer pack,growth,"Find five public Reddit discussions where the XORA BTC launch can be mentioned naturally. Answer the actual question with useful Bitcoin deposit or custody context. No shilling, brigading, copied text, or low quality accounts.",Five BTC launch Reddit permalinks plus at least 350 characters explaining why every answer was relevant.,1.0,40,1 XRP + 40 XORA,claimed,open,3,3,0,2,0,0,Hard,"5 relevant Reddit answers, no shilling",350,True,False,48,,,2026-08-13T02:00:32.578845+00:00,new_task,NEW_TASK,1.0,40.0,3.0,3.0,0.0,2.0,0.0,0.0,,,,,
2026-08-13T02:00:32.553651+00:00,bn_bbfa00f91ed6,Onboard a Bitcoin creator through a BTC launch bounty,partnership,"Recruit one credible Bitcoin or fintech creator for the XORA BTC launch, help them set up a XORA payout account, and get their first BTC launch bounty submitted and approved. They must be a separate person with an active public profile and real work.","Creator X handle, contributor identifier or XORA handle, approved BTC launch bounty proof URL, sourcing notes, and evidence that the creator is credible and separate.",2.0,625,2 XRP + 625 XORA,open,open,2,1,1,0,0,0,Partner,"Separate credible creator, XORA payout setup, first approved bounty",450,True,False,72,,,2026-08-13T02:00:32.578845+00:00,new_task,NEW_TASK,2.0,625.0,2.0,1.0,1.0,0.0,0.0,0.0,,,,,
2026-08-13T02:00:32.553651+00:00,bn_d832078f238d,BTC launch community FAQ thread,thread,"Answer seven common questions about the XORA BTC launch in one useful thread. Cover the Bitcoin network, deposit addresses, confirmations, custody, availability, withdrawals, and risk without promising returns.",BTC launch FAQ thread URL plus at least 300 characters mapping every answer to its question.,1.0,210,1 XRP + 210 XORA,claimed,open,3,3,0,3,0,0,Standard,Detailed proof required,120,True,False,48,,,2026-08-13T02:00:32.578845+00:00,new_task,NEW_TASK,1.0,210.0,3.0,3.0,0.0,3.0,0.0,0.0,,,,,
2026-08-13T02:00:32.553651+00:00,bn_594448fabcd2,Localized BTC launch market thread,thread,"Create one original thread of four posts or more about the XORA BTC launch in Spanish, French, Portuguese, Korean, Japanese, Arabic, or Turkish. Localize the network, confirmation, custody, and risk guidance naturally.","BTC launch thread URL, language, and at least 250 characters in English explaining what you localized and why.",1.0,190,1 XRP + 190 XORA,claimed,open,4,4,0,3,0,1,Standard,Detailed proof required,120,True,False,48,,,2026-08-13T02:00:32.578845+00:00,new_task,NEW_TASK,1.0,190.0,4.0,4.0,0.0,3.0,0.0,1.0,,,,,
2026-08-13T02:00:32.553651+00:00,bn_24ecdf48c35b,BTC launch official post quote pack,growth,"Quote three different official XORA BTC launch posts with original takes for Bitcoin holders. Each quote must explain a concrete product detail, stay accurate, and include paid disclosure.",Three BTC launch quote URLs plus at least 200 characters explaining the product angle used in each.,1.0,90,1 XRP + 90 XORA,claimed,open,4,4,0,1,0,0,Standard,"3 original quote-tweets, no copy-paste",200,True,False,48,,,2026-08-13T02:00:32.578845+00:00,new_task,NEW_TASK,1.0,90.0,4.0,4.0,0.0,1.0,0.0,0.0,,,,,
2026-08-13T02:00:32.553651+00:00,bn_a7a85e01fc12,BTC launch fintech discovery replies,growth,"Reply on at least seven high engagement discovery threads where people ask for Bitcoin accounts, crypto banking, custody, or deposit products. Add real value about the XORA BTC launch and visibly tag @xora_finance. No spam or copied replies.","Provide one BTC launch proof link plus at least 500 characters of structured notes. Include seven distinct X status URLs, what each thread asked, why XORA fit, and how your reply added value.",2.0,440,2 XRP + 440 XORA,claimed,open,2,2,0,1,0,0,Hard,7 qualifying discovery threads with visible @xora_finance tags,500,True,False,72,,,2026-08-13T02:00:32.578845+00:00,new_task,NEW_TASK,2.0,440.0,2.0,2.0,0.0,1.0,0.0,0.0,,,,,
2026-08-13T02:00:32.553651+00:00,bn_03664d7b23b1,BTC launch reply sprint,growth,"Write 15 substantive replies under relevant Bitcoin, custody, or crypto banking conversations. Add useful launch context and mention XORA only where it fits. No spam, copied replies, or financial advice. Use at least 10 different author threads.",List 15 BTC launch reply URLs plus at least 250 characters grouping the targets and explaining the value added.,1.0,125,1 XRP + 125 XORA,claimed,open,4,4,0,2,0,0,Hard,15 useful replies across distinct XRP conversations,250,True,False,48,,,2026-08-13T02:00:32.578845+00:00,new_task,NEW_TASK,1.0,125.0,4.0,4.0,0.0,2.0,0.0,0.0,,,,,
2026-08-13T02:00:32.553651+00:00,bn_9aaa96debe16,BTC launch deposit walkthrough video,video,"Record a 60 to 90 second walkthrough of a real BTC deposit into XORA after the launch is live. Hide personal balances, emails, and full wallet addresses. Show the Bitcoin network choice, address verification, and confirmation wait.","BTC launch video URL, published post URL, and at least 300 characters explaining what was shown and where it was distributed.",2.0,375,2 XRP + 375 XORA,claimed,open,2,2,0,0,0,0,Standard,Detailed proof required,120,True,False,48,,,2026-08-13T02:00:32.578845+00:00,new_task,NEW_TASK,2.0,375.0,2.0,2.0,0.0,0.0,0.0,0.0,,,,,
2026-08-13T02:00:32.553651+00:00,bn_aacad63a027c,BTC launch explainer carousel,design,"Create a polished carousel or short video explaining the XORA BTC launch. Cover native Bitcoin deposits, required confirmations, custody risk, and where users can see current product availability. Keep every claim accurate and ready to publish.",BTC launch post URL plus source files or a media link and at least 250 characters explaining the claims and sources used.,1.0,225,1 XRP + 225 XORA,claimed,open,3,3,0,3,0,0,Standard,Detailed proof required,120,True,False,48,,,2026-08-13T02:00:32.578845+00:00,new_task,NEW_TASK,1.0,225.0,3.0,3.0,0.0,3.0,0.0,0.0,,,,,
2026-08-13T02:00:32.553651+00:00,bn_e02db2391883,BTC launch first deposit proof thread,thread,"Publish a five post or longer X thread from real XORA BTC launch usage. Explain the Bitcoin deposit flow, confirmation timing, address checks, and what a cautious holder should verify before sending. Include paid disclosure and never promise returns.","BTC launch thread URL plus at least 250 characters of notes covering your deposit timeline, safety points, and proof of real engagement.",1.0,150,1 XRP + 150 XORA,claimed,open,4,4,0,3,1,0,Standard,Detailed proof required,120,True,False,48,,,2026-08-13T02:00:32.578845+00:00,new_task,NEW_TASK,1.0,150.0,4.0,4.0,0.0,3.0,1.0,0.0,,,,,
2026-08-13T12:24:03.708868+00:00,bn_860724c463ad,Reply under the BTC yield announcement,growth,"Reply under this announcement with something a Bitcoin holder would actually want to know: how the yield works, what settles on the XRP Ledger, or an honest question you get asked. One line of hype does not count.

Target post:
https://x.com/xora_finance/status/2082865271266590990","The URL of your reply. Must come from the X account connected to your workspace. Reviewed by the team, then paid to your XORA account.",0.1,35,0.1 XRP + 35 XORA,paid,open,400,300,100,94,7,133,Quick,Public post from your connected X account,0,True,True,24,https://x.com/Joymiide/status/2083420694470184972?s=20,"Bitcoin has always been exceptional at one thing: preserving value. But as the crypto ecosystem has evolved, a bigger question has emerged: how can the world's largest digital asset become more useful without compromising what makes it valuable?",2026-08-13T12:24:03.758874+00:00,update,submitted_count,0.0,0.0,0.0,0.0,0.0,-1.0,0.0,0.0,95.0,,,,
2026-08-13T12:24:03.708868+00:00,bn_259fc827e418,Quote the BTC yield announcement,growth,"Quote tweet this announcement with your own take, in your own words:

https://x.com/xora_finance/status/2082865271266590990

Say up to 14% APR on native BTC, note that rates are variable and not guaranteed, and disclose that you work with XORA. Copy-paste of our wording does not count.","The URL of your quote tweet. It must be posted from the X account connected to your workspace. Reviewed by the team, then paid to your XORA account.",0.25,60,0.25 XRP + 60 XORA,paid,open,400,300,100,67,4,148,Quick,Public post from your connected X account,0,True,True,24,https://x.com/Joymiide/status/2083411560064553064?s=20,Bringing native Bitcoin yield to fast XRP Ledger settlement is a strong step toward making crypto more productive and accessible.,2026-08-13T12:24:03.758874+00:00,update,"submitted_count,paid_count",0.0,0.0,0.0,0.0,0.0,1.0,0.0,-2.0,66.0,150.0,,,
2026-08-13T12:24:03.708868+00:00,bn_10397e528885,BTC yield walkthrough video,video,"Record a 60 to 90 second walkthrough showing real XORA BTC yield accruing on a funded BTC balance. Hide personal balances, emails, and full wallet addresses. State clearly that the APY value is variable and not guaranteed and that XORA reward value is an estimate. Include paid disclosure.","Video URL, published post URL, and at least 300 characters explaining what was shown and where it was distributed. Human review is required.",2.0,400,2 XRP + 400 XORA,claimed,open,2,2,0,0,0,0,Standard,Detailed proof required,120,True,False,48,,,2026-08-13T12:24:03.758874+00:00,update,"status,claimed_count,spots_left",0.0,0.0,0.0,1.0,-1.0,0.0,0.0,0.0,,,open,1.0,1.0
2026-08-13T12:24:03.708868+00:00,bn_127da8f77816,BTC launch TikTok with 100k to 1M views,video,"Publish a real TikTok about the XORA BTC launch and reach 100,000 to 999,999 views. Engagement must be organic, the video must remain public, and every product claim must be accurate.",BTC launch TikTok URL plus at least 300 characters with view count and hosted screenshot proof. Human review is required.,4.0,875,4 XRP + 875 XORA,claimed,open,6,6,0,1,0,0,Standard,Detailed proof required,120,True,False,48,,,2026-08-13T12:24:03.758874+00:00,update,"status,claimed_count,spots_left",0.0,0.0,0.0,3.0,-3.0,0.0,0.0,0.0,,,open,3.0,3.0
2026-08-13T14:28:03.702071+00:00,bn_860724c463ad,Reply under the BTC yield announcement,growth,"Reply under this announcement with something a Bitcoin holder would actually want to know: how the yield works, what settles on the XRP Ledger, or an honest question you get asked. One line of hype does not count.

Target post:
https://x.com/xora_finance/status/2082865271266590990","The URL of your reply. Must come from the X account connected to your workspace. Reviewed by the team, then paid to your XORA account.",0.1,35,0.1 XRP + 35 XORA,paid,open,400,300,100,95,7,133,Quick,Public post from your connected X account,0,True,True,24,https://x.com/Joymiide/status/2083420694470184972?s=20,"Bitcoin has always been exceptional at one thing: preserving value. But as the crypto ecosystem has evolved, a bigger question has emerged: how can the world's largest digital asset become more useful without compromising what makes it valuable?",2026-08-13T14:28:03.706302+00:00,update,submitted_count,0.0,0.0,0.0,0.0,0.0,1.0,0.0,0.0,94.0,,,,
2026-08-13T14:45:32.199931+00:00,bn_860724c463ad,Reply under the BTC yield announcement,growth,"Reply under this announcement with something a Bitcoin holder would actually want to know: how the yield works, what settles on the XRP Ledger, or an honest question you get asked. One line of hype does not count.

Target post:
https://x.com/xora_finance/status/2082865271266590990","The URL of your reply. Must come from the X account connected to your workspace. Reviewed by the team, then paid to your XORA account.",0.1,35,0.1 XRP + 35 XORA,paid,open,400,300,100,95,7,132,Quick,Public post from your connected X account,0,True,True,24,https://x.com/Joymiide/status/2083420694470184972?s=20,"Bitcoin has always been exceptional at one thing: preserving value. But as the crypto ecosystem has evolved, a bigger question has emerged: how can the world's largest digital asset become more useful without compromising what makes it valuable?",2026-08-13T14:45:32.203448+00:00,update,paid_count,0.0,0.0,0.0,0.0,0.0,0.0,0.0,-1.0,,133.0,,,
2026-08-13T23:38:01.051148+00:00,bn_860724c463ad,Reply under the BTC yield announcement,growth,"Reply under this announcement with something a Bitcoin holder would actually want to know: how the yield works, what settles on the XRP Ledger, or an honest question you get asked. One line of hype does not count.

Target post:
https://x.com/xora_finance/status/2082865271266590990","The URL of your reply. Must come from the X account connected to your workspace. Reviewed by the team, then paid to your XORA account.",0.1,35,0.1 XRP + 35 XORA,paid,open,400,300,100,94,7,133,Quick,Public post from your connected X account,0,True,True,24,https://x.com/Joymiide/status/2083420694470184972?s=20,"Bitcoin has always been exceptional at one thing: preserving value. But as the crypto ecosystem has evolved, a bigger question has emerged: how can the world's largest digital asset become more useful without compromising what makes it valuable?",2026-08-13T23:38:01.055027+00:00,update,"submitted_count,paid_count",0.0,0.0,0.0,0.0,0.0,-1.0,0.0,1.0,95.0,132.0,,,
2026-08-13T23:38:01.051148+00:00,bn_259fc827e418,Quote the BTC yield announcement,growth,"Quote tweet this announcement with your own take, in your own words:

https://x.com/xora_finance/status/2082865271266590990

Say up to 14% APR on native BTC, note that rates are variable and not guaranteed, and disclose that you work with XORA. Copy-paste of our wording does not count.","The URL of your quote tweet. It must be posted from the X account connected to your workspace. Reviewed by the team, then paid to your XORA account.",0.25,60,0.25 XRP + 60 XORA,paid,open,400,300,100,68,4,148,Quick,Public post from your connected X account,0,True,True,24,https://x.com/Joymiide/status/2083411560064553064?s=20,Bringing native Bitcoin yield to fast XRP Ledger settlement is a strong step toward making crypto more productive and accessible.,2026-08-13T23:38:01.055027+00:00,update,submitted_count,0.0,0.0,0.0,0.0,0.0,1.0,0.0,0.0,67.0,,,,
